,Fecha,dia_sorteo,numero1,numero2,numero3,numero4,numero5,estrella1,estrella2
0,25/10/2019,viernes,34,37,39,40,50,4,10
1,22/10/2019,martes,2,5,32,33,47,7,8
2,18/10/2019,viernes,8,18,22,41,42,11,12
3,15/10/2019,martes,3,28,31,32,34,4,5
4,11/10/2019,viernes,2,14,19,42,45,5,6
5,08/10/2019,martes,7,10,15,44,49,3,12
6,04/10/2019,viernes,6,9,35,41,44,6,9
7,01/10/2019,martes,2,11,18,40,46,1,4
8,27/09/2019,viernes,24,37,41,43,46,2,8
9,24/09/2019,martes,2,33,42,47,48,1,2
10,20/09/2019,viernes,8,21,25,38,50,4,8
11,17/09/2019,martes,22,37,43,44,45,1,12
12,13/09/2019,viernes,1,12,27,42,47,6,7
13,10/09/2019,martes,3,22,25,30,49,3,6
14,06/09/2019,viernes,10,13,22,40,48,2,5
15,03/09/2019,martes,7,11,38,39,44,7,10
16,30/08/2019,viernes,25,27,45,46,49,4,6
17,27/08/2019,martes,8,26,35,43,47,1,9
18,23/08/2019,viernes,4,17,35,42,45,2,8
19,20/08/2019,martes,20,22,23,24,37,1,4
20,16/08/2019,viernes,9,10,27,37,42,1,5
21,13/08/2019,martes,13,29,31,33,40,2,3
22,09/08/2019,viernes,2,14,35,41,42,10,11
23,06/08/2019,martes,12,13,29,36,38,4,12
24,02/08/2019,viernes,13,22,33,44,50,2,5
25,30/07/2019,martes,15,20,23,27,40,3,6
26,26/07/2019,viernes,2,5,27,37,42,3,10
27,23/07/2019,martes,1,14,19,23,38,3,7
28,19/07/2019,viernes,13,14,17,26,28,2,7
29,16/07/2019,martes,3,5,13,18,39,7,8
30,12/07/2019,viernes,2,31,39,45,47,4,8
31,09/07/2019,martes,7,29,32,36,41,6,7
32,05/07/2019,viernes,2,9,20,34,42,6,9
33,02/07/2019,martes,11,19,29,44,45,8,12
34,28/06/2019,viernes,1,3,16,33,49,2,11
35,25/06/2019,martes,6,26,27,34,46,1,9
36,21/06/2019,viernes,5,8,9,25,39,3,7
37,18/06/2019,martes,12,24,37,40,44,3,7
38,14/06/2019,viernes,1,13,30,31,39,2,7
39,11/06/2019,martes,25,27,39,42,46,11,12
40,07/06/2019,viernes,1,4,16,20,34,2,5
41,04/06/2019,martes,9,31,32,39,41,2,8
42,31/05/2019,viernes,1,23,24,26,35,1,11
43,28/05/2019,martes,7,19,20,28,29,1,5
44,24/05/2019,viernes,5,16,23,30,49,6,7
45,21/05/2019,martes,32,33,34,39,47,8,12
46,17/05/2019,viernes,16,28,42,43,45,6,7
47,14/05/2019,martes,10,14,17,25,50,2,10
48,10/05/2019,viernes,1,4,27,45,48,1,7
49,07/05/2019,martes,7,20,26,32,47,2,11
50,03/05/2019,viernes,2,9,20,27,43,5,6
51,30/04/2019,martes,5,12,20,26,48,2,11
52,26/04/2019,viernes,14,33,35,47,50,9,11
53,23/04/2019,martes,18,23,27,42,44,2,7
54,19/04/2019,viernes,7,8,32,41,49,5,11
55,16/04/2019,martes,1,8,15,44,49,2,11
56,12/04/2019,viernes,1,28,35,36,46,6,9
57,09/04/2019,martes,18,21,29,38,41,1,11
58,05/04/2019,viernes,1,7,10,29,45,3,5
59,02/04/2019,martes,2,9,16,26,36,6,7
60,29/03/2019,viernes,13,23,26,32,47,6,10
61,26/03/2019,martes,12,19,23,43,47,2,6
62,22/03/2019,viernes,4,17,26,30,43,6,11
63,19/03/2019,martes,1,6,9,34,47,7,12
64,15/03/2019,viernes,3,15,24,42,46,9,12
65,12/03/2019,martes,5,7,13,19,31,2,9
66,08/03/2019,viernes,17,18,19,24,40,4,8
67,05/03/2019,martes,6,10,16,39,46,8,11
68,01/03/2019,viernes,6,9,19,26,31,11,12
69,26/02/2019,martes,3,15,29,35,47,3,4
70,22/02/2019,viernes,3,27,29,33,50,3,7
71,19/02/2019,martes,1,8,18,19,39,7,9
72,15/02/2019,viernes,15,27,34,38,49,2,10
73,12/02/2019,martes,6,34,36,41,50,1,5
74,08/02/2019,viernes,11,12,13,39,46,7,10
75,05/02/2019,martes,14,25,31,37,43,2,3
76,01/02/2019,viernes,3,21,26,41,46,1,6
77,29/01/2019,martes,14,24,26,32,39,3,8
78,25/01/2019,viernes,1,6,13,15,16,6,10
79,22/01/2019,martes,9,23,29,41,49,8,10
80,18/01/2019,viernes,5,6,16,30,46,5,10
81,15/01/2019,martes,22,25,29,33,35,3,6
82,11/01/2019,viernes,1,19,31,39,48,1,6
83,08/01/2019,martes,3,19,22,31,32,2,11
84,04/01/2019,viernes,7,11,19,27,37,6,10
85,01/01/2019,martes,1,8,11,25,28,4,6
86,28/12/2018,viernes,13,16,34,35,45,10,12
87,25/12/2018,martes,4,5,8,31,43,2,9
88,21/12/2018,viernes,2,12,15,34,50,3,4
89,18/12/2018,martes,1,9,18,39,48,5,7
90,14/12/2018,viernes,12,29,38,42,44,2,12
91,11/12/2018,martes,4,7,13,23,42,1,3
92,07/12/2018,viernes,11,17,26,37,48,1,10
93,04/12/2018,martes,19,20,21,42,45,8,9
94,30/11/2018,viernes,3,10,12,23,26,1,12
95,27/11/2018,martes,4,16,17,18,32,2,11
96,23/11/2018,viernes,5,8,25,26,30,3,10
97,20/11/2018,martes,6,19,39,45,48,7,12
98,16/11/2018,viernes,9,10,13,28,41,1,12
99,13/11/2018,martes,2,7,10,13,42,3,6
100,09/11/2018,viernes,14,17,32,37,49,11,12
101,06/11/2018,martes,14,24,36,40,43,2,9
102,02/11/2018,viernes,5,15,17,37,44,7,11
103,30/10/2018,martes,17,23,27,43,44,1,12
104,26/10/2018,viernes,5,18,21,31,35,6,9
105,23/10/2018,martes,1,2,5,21,32,2,12
106,19/10/2018,viernes,1,3,29,47,48,3,12
107,16/10/2018,martes,15,28,37,40,42,1,6
108,12/10/2018,viernes,4,9,12,31,43,5,8
109,09/10/2018,martes,3,12,36,44,45,8,11
110,05/10/2018,viernes,8,16,24,26,35,3,11
111,02/10/2018,martes,7,17,29,37,45,3,11
112,28/09/2018,viernes,2,4,8,27,50,2,9
113,25/09/2018,martes,6,15,20,30,38,4,7
114,21/09/2018,viernes,5,7,21,25,37,3,4
115,18/09/2018,martes,3,8,10,32,45,4,12
116,14/09/2018,viernes,1,3,33,40,45,3,4
117,11/09/2018,martes,9,18,32,38,46,2,3
118,07/09/2018,viernes,4,23,27,31,50,1,8
119,04/09/2018,martes,5,14,28,30,47,4,11
120,31/08/2018,viernes,4,30,31,38,42,4,6
121,28/08/2018,martes,4,16,32,42,46,8,12
122,24/08/2018,viernes,3,14,31,36,50,1,12
123,21/08/2018,martes,16,23,42,43,49,10,12
124,17/08/2018,viernes,2,15,18,24,43,8,12
125,14/08/2018,martes,1,15,18,25,31,9,11
126,10/08/2018,viernes,18,20,36,43,44,3,9
127,07/08/2018,martes,16,28,29,30,36,8,10
128,03/08/2018,viernes,7,26,36,38,43,6,12
129,31/07/2018,martes,20,25,34,42,45,6,11
130,27/07/2018,viernes,11,17,22,23,41,6,11
131,24/07/2018,martes,2,4,23,39,40,3,9
132,20/07/2018,viernes,2,15,40,43,46,3,6
133,17/07/2018,martes,4,6,27,48,50,1,11
134,13/07/2018,viernes,1,4,14,21,49,2,12
135,10/07/2018,martes,3,8,26,33,45,7,10
136,06/07/2018,viernes,8,30,33,38,48,2,10
137,03/07/2018,martes,1,12,15,29,48,3,5
138,29/06/2018,viernes,15,21,23,40,48,3,12
139,26/06/2018,martes,15,16,20,34,50,4,7
140,22/06/2018,viernes,14,25,39,41,44,2,8
141,19/06/2018,martes,7,19,26,42,50,4,9
142,15/06/2018,viernes,23,26,33,38,49,1,12
143,12/06/2018,martes,7,21,23,36,38,6,8
144,08/06/2018,viernes,8,19,32,43,46,2,8
145,05/06/2018,martes,9,15,22,39,46,4,5
146,01/06/2018,viernes,17,18,24,29,40,4,5
147,29/05/2018,martes,6,11,20,38,43,2,4
148,25/05/2018,viernes,13,15,16,28,41,4,5
149,22/05/2018,martes,1,11,37,41,48,8,12
150,18/05/2018,viernes,5,8,10,13,31,3,6
151,15/05/2018,martes,4,16,20,31,39,2,12
152,11/05/2018,viernes,3,22,34,49,50,8,11
153,08/05/2018,martes,17,25,35,39,44,2,5
154,04/05/2018,viernes,6,12,23,39,45,9,12
155,01/05/2018,martes,6,15,17,42,48,4,6
156,27/04/2018,viernes,12,24,40,41,46,5,12
157,24/04/2018,martes,20,23,28,30,44,3,7
158,20/04/2018,viernes,3,16,25,39,44,7,11
159,17/04/2018,martes,15,27,33,39,50,4,6
160,13/04/2018,viernes,5,25,34,48,50,6,7
161,10/04/2018,martes,14,27,39,46,48,11,12
162,06/04/2018,viernes,1,29,33,45,47,4,8
163,03/04/2018,martes,3,8,16,40,43,5,8
164,30/03/2018,viernes,12,17,28,35,47,7,11
165,27/03/2018,martes,17,20,23,40,46,9,10
166,23/03/2018,viernes,5,7,11,46,50,8,11
167,20/03/2018,martes,26,29,37,39,44,9,11
168,16/03/2018,viernes,4,17,24,27,31,10,11
169,13/03/2018,martes,9,11,13,33,49,6,12
170,09/03/2018,viernes,9,14,21,32,44,1,12
171,06/03/2018,martes,15,20,26,31,44,2,9
172,02/03/2018,viernes,2,7,34,45,48,1,12
173,27/02/2018,martes,3,31,41,48,50,8,11
174,23/02/2018,viernes,10,17,18,28,47,3,7
175,20/02/2018,martes,6,14,19,25,29,5,11
176,16/02/2018,viernes,10,12,23,32,50,4,10
177,13/02/2018,martes,10,13,17,21,44,1,10
178,09/02/2018,viernes,22,31,36,38,44,1,11
179,06/02/2018,martes,8,17,28,34,38,6,12
180,02/02/2018,viernes,14,34,36,39,48,2,3
181,30/01/2018,martes,11,15,21,27,35,4,5
182,26/01/2018,viernes,6,15,24,28,48,4,9
183,23/01/2018,martes,5,8,9,23,24,7,8
184,19/01/2018,viernes,3,8,17,44,50,2,7
185,16/01/2018,martes,20,23,31,34,46,3,12
186,12/01/2018,viernes,13,21,23,30,45,4,6
187,09/01/2018,martes,6,12,15,38,49,2,9
188,05/01/2018,viernes,2,5,20,38,41,4,8
189,02/01/2018,martes,10,20,21,28,48,1,8
190,29/12/2017,viernes,4,8,22,23,48,1,12
191,26/12/2017,martes,4,17,30,43,44,2,10
192,22/12/2017,viernes,5,24,30,31,43,3,6
193,19/12/2017,martes,8,15,30,38,46,4,7
194,15/12/2017,viernes,25,30,31,42,50,2,11
195,12/12/2017,martes,20,37,39,44,50,4,8
196,08/12/2017,viernes,4,22,30,32,34,3,4
197,05/12/2017,martes,11,36,43,44,48,2,7
198,01/12/2017,viernes,5,24,29,35,46,11,12
199,28/11/2017,martes,1,6,12,18,42,2,7
200,24/11/2017,viernes,19,24,28,30,50,3,10
201,21/11/2017,martes,2,10,14,28,31,5,7
202,17/11/2017,viernes,20,26,35,36,42,5,12
203,14/11/2017,martes,14,16,39,40,41,8,10
204,10/11/2017,viernes,13,22,29,36,37,1,9
205,07/11/2017,martes,7,19,20,37,41,2,12
206,03/11/2017,viernes,5,12,17,33,41,4,9
207,31/10/2017,martes,1,12,36,43,46,3,5
208,27/10/2017,viernes,3,16,23,32,39,1,4
209,24/10/2017,martes,9,11,13,27,33,7,10
210,20/10/2017,viernes,4,17,23,27,30,3,8
211,17/10/2017,martes,13,17,19,26,36,2,3
212,13/10/2017,viernes,23,29,37,45,50,5,11
213,10/10/2017,martes,4,21,34,36,37,3,6
214,06/10/2017,viernes,1,9,15,19,25,1,7
215,03/10/2017,martes,6,24,32,48,50,1,5
216,29/09/2017,viernes,7,18,19,32,48,3,7
217,26/09/2017,martes,1,29,40,41,48,6,12
218,22/09/2017,viernes,6,11,31,39,42,1,3
219,19/09/2017,martes,1,8,21,30,45,2,3
220,15/09/2017,viernes,13,18,37,44,49,9,12
221,12/09/2017,martes,10,17,27,29,35,4,11
222,08/09/2017,viernes,9,24,42,47,49,1,5
223,05/09/2017,martes,6,9,18,28,29,1,9
224,01/09/2017,viernes,3,7,8,14,49,5,8
225,29/08/2017,martes,4,12,15,32,38,1,5
226,25/08/2017,viernes,1,5,7,15,47,9,12
227,22/08/2017,martes,3,10,12,17,27,3,5
228,18/08/2017,viernes,2,24,39,42,45,2,8
229,15/08/2017,martes,10,14,30,35,46,4,10
230,11/08/2017,viernes,18,28,39,46,48,5,12
231,08/08/2017,martes,15,25,26,40,41,4,5
232,04/08/2017,viernes,29,30,36,40,41,2,9
233,01/08/2017,martes,14,21,24,29,30,8,10
234,28/07/2017,viernes,5,9,29,31,41,2,4
235,25/07/2017,martes,12,14,43,44,48,2,11
236,21/07/2017,viernes,1,8,9,26,49,5,9
237,18/07/2017,martes,1,25,27,41,45,5,7
238,14/07/2017,viernes,11,14,20,21,47,7,10
239,11/07/2017,martes,14,22,26,42,50,8,10
240,07/07/2017,viernes,11,20,35,37,45,3,6
241,04/07/2017,martes,10,22,25,37,49,5,8
242,30/06/2017,viernes,17,35,39,47,50,6,8
243,27/06/2017,martes,9,17,21,28,45,1,3
244,23/06/2017,viernes,3,4,21,31,38,3,7
245,20/06/2017,martes,11,18,26,43,44,8,10
246,16/06/2017,viernes,15,17,38,41,42,9,12
247,13/06/2017,martes,3,12,22,27,49,4,11
248,09/06/2017,viernes,9,20,27,39,43,10,11
249,06/06/2017,martes,20,22,25,37,40,3,7
250,02/06/2017,viernes,8,10,24,33,42,3,9
251,30/05/2017,martes,7,12,27,38,48,6,9
252,26/05/2017,viernes,5,7,26,36,39,2,10
253,23/05/2017,martes,8,15,25,27,42,1,4
254,19/05/2017,viernes,9,11,12,19,30,4,9
255,16/05/2017,martes,8,11,15,20,30,3,8
256,12/05/2017,viernes,2,20,28,29,44,3,9
257,09/05/2017,martes,8,12,16,22,26,6,7
258,05/05/2017,viernes,3,7,30,35,43,1,3
259,02/05/2017,martes,6,19,23,25,27,11,12
260,28/04/2017,viernes,14,20,25,30,39,2,8
261,25/04/2017,martes,9,11,19,32,43,3,9
262,21/04/2017,viernes,2,13,16,22,49,4,5
263,18/04/2017,martes,17,22,31,38,45,5,12
264,14/04/2017,viernes,4,14,20,23,33,6,10
265,11/04/2017,martes,5,21,22,31,49,2,8
266,07/04/2017,viernes,2,10,19,35,50,6,7
267,04/04/2017,martes,1,9,24,33,34,2,6
268,31/03/2017,viernes,17,24,26,28,45,4,12
269,28/03/2017,martes,9,13,31,33,46,6,10
270,24/03/2017,viernes,2,17,21,27,34,5,9
271,21/03/2017,martes,1,20,23,44,47,4,11
272,17/03/2017,viernes,6,10,19,29,36,3,9
273,14/03/2017,martes,3,5,21,36,44,3,6
274,10/03/2017,viernes,31,36,38,47,49,8,11
275,07/03/2017,martes,6,37,41,48,50,4,5
276,03/03/2017,viernes,2,11,29,30,47,1,12
277,28/02/2017,martes,10,20,31,35,42,2,12
278,24/02/2017,viernes,2,4,13,22,43,8,9
279,21/02/2017,martes,13,19,41,45,49,3,4
280,17/02/2017,viernes,19,25,33,36,48,2,9
281,14/02/2017,martes,2,10,24,40,44,3,10
282,10/02/2017,viernes,7,21,26,35,43,2,9
283,07/02/2017,martes,4,10,31,38,44,8,10
284,03/02/2017,viernes,3,4,15,46,50,5,9
285,31/01/2017,martes,3,4,17,23,44,6,9
286,27/01/2017,viernes,17,20,28,45,48,5,9
287,24/01/2017,martes,1,5,7,17,23,3,8
288,20/01/2017,viernes,10,17,27,31,49,3,5
289,17/01/2017,martes,4,16,25,43,47,2,10
290,13/01/2017,viernes,3,7,16,26,50,4,7
291,10/01/2017,martes,2,11,29,35,44,4,9
292,06/01/2017,viernes,10,14,18,21,49,9,11
293,03/01/2017,martes,19,23,27,34,49,1,11
294,30/12/2016,viernes,8,10,22,29,47,1,3
295,27/12/2016,martes,3,22,25,32,39,7,12
296,23/12/2016,viernes,4,16,20,39,46,2,5
297,20/12/2016,martes,13,15,17,21,27,2,3
298,16/12/2016,viernes,6,10,30,41,45,4,11
299,13/12/2016,martes,14,28,29,48,50,2,8
300,09/12/2016,viernes,6,12,28,37,40,1,5
301,06/12/2016,martes,1,7,11,27,45,4,9
302,02/12/2016,viernes,6,11,23,31,32,2,12
303,29/11/2016,martes,21,26,27,28,38,9,11
304,25/11/2016,viernes,5,11,17,23,28,10,11
305,22/11/2016,martes,5,10,33,34,47,2,10
306,18/11/2016,viernes,3,12,27,32,47,6,8
307,15/11/2016,martes,7,15,36,42,48,3,7
308,11/11/2016,viernes,3,22,23,38,49,2,9
309,08/11/2016,martes,5,9,47,49,50,8,9
310,04/11/2016,viernes,7,11,12,44,48,3,7
311,01/11/2016,martes,6,10,20,29,37,1,9
312,28/10/2016,viernes,10,16,19,23,43,2,8
313,25/10/2016,martes,3,15,20,21,28,1,5
314,21/10/2016,viernes,9,20,23,44,48,8,10
315,18/10/2016,martes,2,17,21,25,27,6,9
316,14/10/2016,viernes,7,13,19,31,34,1,11
317,11/10/2016,martes,5,12,20,24,37,4,11
318,07/10/2016,viernes,2,12,20,27,30,9,11
319,04/10/2016,martes,4,7,14,34,38,4,11
320,30/09/2016,viernes,17,35,37,43,44,2,10
321,27/09/2016,martes,6,9,13,39,41,2,12
322,23/09/2016,viernes,14,16,39,42,49,3,9
323,20/09/2016,martes,1,4,10,41,45,6,9
324,16/09/2016,viernes,5,8,14,22,32,2,11
325,13/09/2016,martes,4,7,16,35,44,1,3
326,09/09/2016,viernes,4,11,15,17,28,1,3
327,06/09/2016,martes,12,24,30,34,45,7,10
328,02/09/2016,viernes,8,16,32,40,50,2,11
329,30/08/2016,martes,13,16,29,35,42,6,8
330,26/08/2016,viernes,1,9,28,30,48,7,8
331,23/08/2016,martes,2,23,31,37,45,4,8
332,19/08/2016,viernes,5,6,22,25,34,5,7
333,16/08/2016,martes,2,26,34,37,46,4,8
334,12/08/2016,viernes,2,15,28,36,50,2,11
335,09/08/2016,martes,12,19,43,44,45,5,10
336,05/08/2016,viernes,16,19,24,35,37,2,7
337,02/08/2016,martes,2,8,27,38,46,2,6
338,29/07/2016,viernes,1,21,26,40,50,2,4
339,26/07/2016,martes,3,10,13,45,49,2,11
340,22/07/2016,viernes,7,24,26,37,45,5,9
341,19/07/2016,martes,19,24,28,36,37,3,6
342,15/07/2016,viernes,2,11,13,14,21,1,8
343,12/07/2016,martes,3,7,26,33,41,2,10
344,08/07/2016,viernes,8,12,18,33,44,4,8
345,05/07/2016,martes,1,10,29,38,48,3,4
346,01/07/2016,viernes,2,11,13,40,50,1,10
347,28/06/2016,martes,26,32,37,43,49,4,5
348,24/06/2016,viernes,11,19,27,28,39,3,10
349,21/06/2016,martes,5,17,32,35,49,1,5
350,17/06/2016,viernes,1,7,18,27,43,4,8
351,14/06/2016,martes,13,34,39,42,50,9,11
352,10/06/2016,viernes,14,21,35,42,43,7,9
353,07/06/2016,martes,19,26,35,45,49,2,5
354,03/06/2016,viernes,7,23,31,33,39,6,10
355,31/05/2016,martes,6,12,26,30,48,6,7
356,27/05/2016,viernes,13,25,27,43,46,4,8
357,24/05/2016,martes,16,17,23,34,37,6,9
358,20/05/2016,viernes,9,14,30,41,45,4,9
359,17/05/2016,martes,15,27,32,36,39,3,10
360,13/05/2016,viernes,7,15,28,31,42,10,11
361,10/05/2016,martes,2,26,27,40,49,5,10
362,06/05/2016,viernes,32,34,40,45,48,1,10
363,03/05/2016,martes,8,23,24,34,38,3,7
364,29/04/2016,viernes,4,5,25,28,43,6,11
365,26/04/2016,martes,10,17,31,32,42,2,5
366,22/04/2016,viernes,17,26,32,34,43,2,10
367,19/04/2016,martes,11,14,15,27,44,2,7
368,15/04/2016,viernes,13,14,32,37,48,1,7
369,12/04/2016,martes,1,5,9,22,38,2,10
370,08/04/2016,viernes,6,8,26,43,49,6,10
371,05/04/2016,martes,3,5,9,19,40,2,5
372,01/04/2016,viernes,2,16,23,25,49,6,9
373,29/03/2016,martes,1,4,19,25,36,3,11
374,25/03/2016,viernes,12,19,36,42,43,5,8
375,22/03/2016,martes,12,15,26,42,49,5,8
376,18/03/2016,viernes,14,19,21,24,49,5,11
377,15/03/2016,martes,5,7,10,34,44,2,10
378,11/03/2016,viernes,1,21,26,40,43,6,9
379,08/03/2016,martes,1,8,9,14,23,1,7
380,04/03/2016,viernes,9,14,16,23,40,1,5
381,01/03/2016,martes,4,7,13,28,37,10,11
382,26/02/2016,viernes,5,13,15,33,50,9,11
383,23/02/2016,martes,23,25,32,37,42,1,11
384,19/02/2016,viernes,13,14,30,32,39,3,9
385,16/02/2016,martes,3,10,22,37,50,6,10
386,12/02/2016,viernes,3,20,28,31,49,2,5
387,09/02/2016,martes,6,9,13,28,37,4,5
388,05/02/2016,viernes,3,27,32,41,46,4,8
389,02/02/2016,martes,6,9,10,21,36,2,6
390,29/01/2016,viernes,1,5,23,29,32,1,7
391,26/01/2016,martes,15,24,38,40,48,2,9
392,22/01/2016,viernes,10,12,27,30,47,8,9
393,19/01/2016,martes,2,30,38,43,46,2,7
394,15/01/2016,viernes,10,19,38,43,46,1,11
395,12/01/2016,martes,1,2,10,30,44,1,8
396,08/01/2016,viernes,5,26,33,35,40,3,8
397,05/01/2016,martes,6,10,31,36,39,6,10
398,01/01/2016,viernes,4,37,38,39,44,4,7
399,29/12/2015,martes,5,20,31,32,36,6,7
400,25/12/2015,viernes,3,10,25,27,40,3,9
401,22/12/2015,martes,18,19,20,40,41,7,10
402,18/12/2015,viernes,6,22,26,29,48,5,6
403,15/12/2015,martes,8,11,23,27,35,4,11
404,11/12/2015,viernes,3,5,21,40,43,6,11
405,08/12/2015,martes,12,17,29,38,48,9,11
406,04/12/2015,viernes,8,17,18,27,39,1,7
407,01/12/2015,martes,2,15,25,35,45,8,10
408,27/11/2015,viernes,16,29,30,37,50,6,8
409,24/11/2015,martes,9,14,16,17,26,10,11
410,20/11/2015,viernes,4,30,34,46,49,7,8
411,17/11/2015,martes,6,7,23,37,38,10,11
412,13/11/2015,viernes,10,17,18,33,40,2,8
413,10/11/2015,martes,6,13,18,39,43,2,8
414,06/11/2015,viernes,3,17,26,38,40,4,10
415,03/11/2015,martes,8,27,39,46,49,2,6
416,30/10/2015,viernes,8,13,17,21,34,6,7
417,27/10/2015,martes,11,12,20,25,36,6,9
418,23/10/2015,viernes,7,25,30,32,39,2,8
419,20/10/2015,martes,17,19,21,30,45,8,10
420,16/10/2015,viernes,7,28,29,43,48,3,10
421,13/10/2015,martes,12,15,26,29,47,3,11
422,09/10/2015,viernes,1,40,42,43,47,9,11
423,06/10/2015,martes,11,20,22,29,32,1,8
424,02/10/2015,viernes,7,18,21,32,35,2,11
425,29/09/2015,martes,11,14,26,29,49,3,9
426,25/09/2015,viernes,13,14,23,30,37,2,8
427,22/09/2015,martes,14,23,26,27,29,7,10
428,18/09/2015,viernes,7,29,33,34,39,7,8
429,15/09/2015,martes,8,15,17,44,49,5,8
430,11/09/2015,viernes,10,18,19,29,50,1,9
431,08/09/2015,martes,14,16,39,40,42,1,4
432,04/09/2015,viernes,8,9,27,45,50,8,10
433,01/09/2015,martes,6,19,21,27,45,1,8
434,28/08/2015,viernes,11,29,30,31,34,4,7
435,25/08/2015,martes,27,31,33,42,50,2,5
436,21/08/2015,viernes,4,16,18,43,47,6,10
437,18/08/2015,martes,7,10,11,12,19,2,9
438,14/08/2015,viernes,4,7,39,44,45,3,5
439,11/08/2015,martes,2,3,8,15,16,4,11
440,07/08/2015,viernes,1,5,21,39,44,4,11
441,04/08/2015,martes,10,15,39,45,50,9,10
442,31/07/2015,viernes,16,21,34,40,50,6,9
443,28/07/2015,martes,23,32,36,43,49,7,8
444,24/07/2015,viernes,2,9,21,35,46,2,11
445,21/07/2015,martes,14,20,27,29,44,7,10
446,17/07/2015,viernes,1,21,22,43,48,7,9
447,14/07/2015,martes,6,18,19,34,36,1,8
448,10/07/2015,viernes,5,8,15,35,41,4,5
449,07/07/2015,martes,6,7,18,33,41,3,10
450,03/07/2015,viernes,11,12,15,18,44,3,9
451,30/06/2015,martes,11,15,28,34,37,1,8
452,26/06/2015,viernes,3,6,10,19,24,5,7
453,23/06/2015,martes,4,16,22,38,49,6,9
454,19/06/2015,viernes,7,14,20,31,42,3,9
455,16/06/2015,martes,10,15,16,36,37,3,9
456,12/06/2015,viernes,5,8,10,11,37,7,9
457,09/06/2015,martes,5,9,17,32,34,6,8
458,05/06/2015,viernes,2,7,8,45,48,1,9
459,02/06/2015,martes,7,23,29,37,41,1,8
460,29/05/2015,viernes,3,4,20,45,48,6,8
461,26/05/2015,martes,5,6,7,21,24,5,6
462,22/05/2015,viernes,18,24,35,44,45,5,11
463,19/05/2015,martes,26,30,31,35,37,8,11
464,15/05/2015,viernes,5,35,42,44,47,8,9
465,12/05/2015,martes,14,29,30,40,46,3,6
466,08/05/2015,viernes,7,14,19,47,49,3,10
467,05/05/2015,martes,1,10,17,20,42,8,9
468,01/05/2015,viernes,3,19,20,25,26,6,10
469,28/04/2015,martes,24,26,28,36,45,7,10
470,24/04/2015,viernes,5,19,29,31,40,3,10
471,21/04/2015,martes,6,14,17,42,45,1,8
472,17/04/2015,viernes,2,24,30,34,39,8,11
473,14/04/2015,martes,24,32,34,35,49,1,2
474,10/04/2015,viernes,22,23,25,30,43,5,9
475,07/04/2015,martes,18,25,39,44,50,5,8
476,03/04/2015,viernes,27,29,37,39,49,2,4
477,31/03/2015,martes,8,20,24,28,49,8,9
478,27/03/2015,viernes,2,30,32,39,44,6,10
479,24/03/2015,martes,10,24,26,39,40,3,10
480,20/03/2015,viernes,3,14,37,42,48,1,10
481,17/03/2015,martes,11,23,26,38,44,1,8
482,13/03/2015,viernes,4,5,18,22,23,1,3
483,10/03/2015,martes,2,6,23,30,31,2,10
484,06/03/2015,viernes,23,30,47,49,50,2,7
485,03/03/2015,martes,6,8,11,13,21,7,8
486,27/02/2015,viernes,5,14,17,25,47,9,10
487,24/02/2015,martes,3,25,28,34,50,1,11
488,20/02/2015,viernes,4,10,14,37,46,4,7
489,17/02/2015,martes,2,5,18,30,43,1,10
490,13/02/2015,viernes,12,24,39,42,44,3,11
491,10/02/2015,martes,13,17,20,30,45,9,10
492,06/02/2015,viernes,10,26,30,39,50,7,8
493,03/02/2015,martes,17,31,33,44,50,7,11
494,30/01/2015,viernes,9,13,15,19,24,3,8
495,27/01/2015,martes,5,10,31,33,40,8,10
496,23/01/2015,viernes,6,29,30,38,45,1,8
497,20/01/2015,martes,15,33,41,44,47,8,10
498,16/01/2015,viernes,29,30,32,34,46,3,6
499,13/01/2015,martes,8,17,21,31,34,9,10
500,09/01/2015,viernes,6,21,24,32,45,1,11
501,06/01/2015,martes,14,20,30,38,49,3,4
502,02/01/2015,viernes,22,24,25,28,49,3,6
503,30/12/2014,martes,6,18,39,44,50,8,11
504,26/12/2014,viernes,17,26,27,45,49,2,3
505,23/12/2014,martes,8,9,19,25,49,2,10
506,19/12/2014,viernes,23,29,31,39,44,5,8
507,16/12/2014,martes,3,7,12,13,25,5,8
508,12/12/2014,viernes,2,15,28,31,37,4,6
509,09/12/2014,martes,1,3,31,42,46,4,11
510,05/12/2014,viernes,5,8,37,47,48,2,3
511,02/12/2014,martes,3,15,25,44,49,1,9
512,28/11/2014,viernes,6,10,15,23,41,4,10
513,25/11/2014,martes,3,7,25,32,36,1,6
514,21/11/2014,viernes,4,7,28,32,37,5,10
515,18/11/2014,martes,2,3,17,36,38,4,11
516,14/11/2014,viernes,17,32,36,38,48,5,8
517,11/11/2014,martes,2,14,21,36,46,7,11
518,07/11/2014,viernes,13,25,32,38,46,1,10
519,04/11/2014,martes,1,6,13,17,26,3,5
520,31/10/2014,viernes,10,13,20,33,41,3,9
521,28/10/2014,martes,10,15,17,40,45,1,2
522,24/10/2014,viernes,3,9,20,30,42,1,6
523,21/10/2014,martes,20,21,27,33,40,3,10
524,17/10/2014,viernes,1,13,40,48,49,8,10
525,14/10/2014,martes,4,5,15,23,32,3,7
526,10/10/2014,viernes,6,29,42,45,47,9,10
527,07/10/2014,martes,9,21,28,30,38,1,8
528,03/10/2014,viernes,4,13,23,48,50,5,10
529,30/09/2014,martes,3,13,15,33,42,5,7
530,26/09/2014,viernes,13,27,35,46,47,1,2
531,23/09/2014,martes,12,13,14,29,35,1,7
532,19/09/2014,viernes,6,8,34,38,48,3,9
533,16/09/2014,martes,4,29,30,35,50,2,4
534,12/09/2014,viernes,9,13,26,31,33,7,11
535,09/09/2014,martes,8,15,19,24,35,8,10
536,05/09/2014,viernes,1,18,23,46,50,3,9
537,02/09/2014,martes,5,25,31,39,45,1,8
538,29/08/2014,viernes,2,9,26,32,38,3,6
539,26/08/2014,martes,10,22,36,45,48,4,11
540,22/08/2014,viernes,4,17,29,35,49,1,2
541,19/08/2014,martes,4,7,11,34,47,7,8
542,15/08/2014,viernes,4,5,21,23,30,8,10
543,12/08/2014,martes,7,16,19,22,33,2,5
544,08/08/2014,viernes,21,29,35,43,46,1,9
545,05/08/2014,martes,5,7,19,21,42,5,11
546,01/08/2014,viernes,24,44,46,48,50,5,10
547,29/07/2014,martes,10,23,35,40,43,3,9
548,25/07/2014,viernes,9,10,12,24,43,5,9
549,22/07/2014,martes,1,24,43,45,50,5,8
550,18/07/2014,viernes,1,11,29,41,43,3,11
551,15/07/2014,martes,15,18,20,27,34,1,3
552,11/07/2014,viernes,5,22,35,38,49,4,7
553,08/07/2014,martes,8,18,22,24,27,4,11
554,04/07/2014,viernes,4,18,39,43,47,2,6
555,01/07/2014,martes,18,22,25,27,39,5,10
556,27/06/2014,viernes,31,33,34,39,45,2,10
557,24/06/2014,martes,1,7,20,21,48,4,7
558,20/06/2014,viernes,5,15,25,38,49,1,2
559,17/06/2014,martes,11,13,37,40,48,8,9
560,13/06/2014,viernes,16,18,22,28,46,9,11
561,10/06/2014,martes,12,18,21,32,33,1,11
562,06/06/2014,viernes,7,25,34,40,49,9,11
563,03/06/2014,martes,2,15,32,39,44,5,10
564,30/05/2014,viernes,5,24,27,41,45,6,7
565,27/05/2014,martes,7,13,16,25,26,1,6
566,23/05/2014,viernes,3,8,31,34,47,9,11
567,20/05/2014,martes,5,33,36,38,47,4,9
568,16/05/2014,viernes,23,26,29,37,40,3,4
569,13/05/2014,martes,4,13,30,34,47,2,6
570,09/05/2014,viernes,3,21,26,28,45,7,10
571,06/05/2014,martes,5,19,24,31,37,1,9
572,02/05/2014,viernes,4,30,31,38,42,2,11
573,29/04/2014,martes,18,23,26,35,44,3,11
574,25/04/2014,viernes,13,21,24,44,49,1,9
575,22/04/2014,martes,13,15,20,24,46,1,8
576,18/04/2014,viernes,21,24,31,39,47,3,7
577,15/04/2014,martes,3,14,26,47,50,7,11
578,11/04/2014,viernes,8,12,19,30,33,4,11
579,08/04/2014,martes,11,18,29,42,49,4,11
580,04/04/2014,viernes,6,10,28,45,50,10,11
581,01/04/2014,martes,16,18,26,38,44,8,10
582,28/03/2014,viernes,3,4,19,28,43,3,7
583,25/03/2014,martes,7,20,26,28,50,2,8
584,21/03/2014,viernes,7,30,37,39,42,5,7
585,18/03/2014,martes,8,27,34,36,39,5,10
586,14/03/2014,viernes,6,24,25,27,30,5,9
587,11/03/2014,martes,1,4,23,33,44,7,8
588,07/03/2014,viernes,5,10,38,40,41,1,8
589,04/03/2014,martes,3,5,22,27,44,1,6
590,28/02/2014,viernes,12,32,38,43,44,2,7
591,25/02/2014,martes,21,25,28,35,42,4,6
592,21/02/2014,viernes,13,17,28,30,32,5,7
593,18/02/2014,martes,23,26,36,37,49,6,7
594,14/02/2014,viernes,2,4,6,19,39,2,7
595,11/02/2014,martes,8,17,25,41,47,1,2
596,07/02/2014,viernes,3,17,19,46,47,9,10
597,04/02/2014,martes,1,21,33,37,38,4,8
598,31/01/2014,viernes,8,10,15,16,31,8,9
599,28/01/2014,martes,18,20,23,42,48,2,9
600,24/01/2014,viernes,5,19,34,35,41,1,5
601,21/01/2014,martes,4,12,35,42,48,5,8
602,17/01/2014,viernes,19,26,32,33,42,4,10
603,14/01/2014,martes,18,20,25,26,37,10,11
604,10/01/2014,viernes,1,2,11,27,29,1,10
605,07/01/2014,martes,2,20,27,33,45,6,10
606,03/01/2014,viernes,3,27,31,38,44,3,8
607,31/12/2013,martes,13,20,24,29,45,3,7
608,27/12/2013,viernes,1,6,13,22,28,5,10
609,24/12/2013,martes,5,19,31,43,50,2,6
610,20/12/2013,viernes,12,13,17,22,43,3,10
611,17/12/2013,martes,6,8,27,37,41,7,10
612,13/12/2013,viernes,1,22,23,24,31,6,11
613,10/12/2013,martes,6,24,35,49,50,1,7
614,06/12/2013,viernes,1,2,18,31,36,7,10
615,03/12/2013,martes,6,13,15,29,32,2,9
616,29/11/2013,viernes,2,7,10,23,43,4,7
617,26/11/2013,martes,19,23,27,42,44,3,5
618,22/11/2013,viernes,13,25,26,40,50,8,9
619,19/11/2013,martes,14,15,19,36,45,1,10
620,15/11/2013,viernes,3,13,15,29,42,1,4
621,12/11/2013,martes,14,29,37,40,48,2,11
622,08/11/2013,viernes,20,28,35,42,43,8,10
623,05/11/2013,martes,6,12,13,35,38,2,3
624,01/11/2013,viernes,7,19,29,30,33,3,8
625,29/10/2013,martes,9,10,30,32,37,2,6
626,25/10/2013,viernes,2,3,10,31,38,6,10
627,22/10/2013,martes,29,33,39,41,44,9,11
628,18/10/2013,viernes,5,25,36,46,47,2,6
629,15/10/2013,martes,18,27,39,43,47,4,7
630,11/10/2013,viernes,6,12,17,23,43,5,9
631,08/10/2013,martes,23,24,26,33,42,3,5
632,04/10/2013,viernes,6,20,24,35,50,5,10
633,01/10/2013,martes,19,23,25,44,48,8,9
634,27/09/2013,viernes,11,15,38,41,43,2,6
635,24/09/2013,martes,10,20,26,28,43,9,11
636,20/09/2013,viernes,5,11,35,38,45,2,3
637,17/09/2013,martes,13,17,21,42,44,9,11
638,13/09/2013,viernes,4,6,14,27,33,5,10
639,10/09/2013,martes,7,11,14,28,30,2,10
640,06/09/2013,viernes,11,23,25,32,37,4,7
641,03/09/2013,martes,5,9,16,18,42,7,9
642,30/08/2013,viernes,2,17,25,36,45,5,9
643,27/08/2013,martes,7,30,38,40,43,2,6
644,23/08/2013,viernes,1,6,26,30,37,5,8
645,20/08/2013,martes,5,11,42,49,50,8,11
646,16/08/2013,viernes,20,24,27,37,39,5,10
647,13/08/2013,martes,5,17,20,47,50,1,4
648,09/08/2013,viernes,4,7,9,23,24,8,9
649,06/08/2013,martes,16,17,31,47,49,3,11
650,02/08/2013,viernes,21,36,37,42,48,4,7
651,30/07/2013,martes,3,4,11,14,43,1,6
652,26/07/2013,viernes,12,23,29,38,49,3,4
653,23/07/2013,martes,14,15,16,19,44,4,5
654,19/07/2013,viernes,13,16,24,26,35,2,5
655,16/07/2013,martes,19,23,34,47,50,4,6
656,12/07/2013,viernes,18,26,32,33,42,2,3
657,09/07/2013,martes,16,18,31,38,49,4,10
658,05/07/2013,viernes,4,12,15,28,33,1,10
659,02/07/2013,martes,11,13,14,28,30,4,5
660,28/06/2013,viernes,1,15,28,35,47,7,1
661,25/06/2013,martes,4,5,13,27,35,2,1
662,21/06/2013,viernes,10,11,30,36,45,1,2
663,18/06/2013,martes,17,24,33,41,44,11,1
664,14/06/2013,viernes,10,25,41,47,48,6,10
665,11/06/2013,martes,5,7,9,25,41,5,1
666,07/06/2013,viernes,7,14,26,45,50,2,7
667,04/06/2013,martes,31,33,34,37,40,6,1
668,31/05/2013,viernes,27,28,29,34,43,10,5
669,28/05/2013,martes,8,13,26,34,38,3,11
670,24/05/2013,viernes,7,17,22,27,40,2,3
671,21/05/2013,martes,7,8,19,28,29,9,5
672,17/05/2013,viernes,6,20,24,25,50,9,10
673,14/05/2013,martes,7,8,24,27,36,11,5
674,10/05/2013,viernes,1,32,35,45,48,4,11
675,07/05/2013,martes,13,27,28,42,43,4,6
676,03/05/2013,viernes,3,5,34,40,49,2,3
677,30/04/2013,martes,13,36,40,43,50,9,5
678,26/04/2013,viernes,11,16,24,38,40,2,5
679,23/04/2013,martes,1,4,7,10,50,4,11
680,19/04/2013,viernes,1,8,42,46,48,4,7
681,16/04/2013,martes,1,11,22,33,50,4,6
682,12/04/2013,viernes,5,10,15,28,45,3,9
683,09/04/2013,martes,15,35,38,44,48,5,10
684,05/04/2013,viernes,1,11,17,32,39,2,7
685,02/04/2013,martes,12,17,25,29,41,1,4
686,29/03/2013,viernes,13,30,43,44,46,5,9
687,26/03/2013,martes,4,26,30,42,44,6,11
688,22/03/2013,viernes,12,27,32,34,49,8,9
689,19/03/2013,martes,19,32,35,37,44,1,9
690,15/03/2013,viernes,4,14,21,24,39,3,10
691,12/03/2013,martes,2,4,10,22,50,5,8
692,08/03/2013,viernes,3,20,23,28,42,8,11
693,05/03/2013,martes,8,19,31,33,39,2,7
694,01/03/2013,viernes,1,11,29,36,42,4,5
695,26/02/2013,martes,3,12,13,17,30,2,6
696,22/02/2013,viernes,15,16,28,36,37,2,11
697,19/02/2013,martes,12,15,28,30,44,8,9
698,15/02/2013,viernes,2,4,22,28,42,4,9
699,12/02/2013,martes,5,11,16,25,28,7,9
700,08/02/2013,viernes,9,11,14,34,44,10,11
701,05/02/2013,martes,6,25,31,40,45,6,7
702,01/02/2013,viernes,5,21,34,37,38,1,6
703,29/01/2013,martes,9,16,26,36,39,2,6
704,25/01/2013,viernes,3,10,18,31,37,2,4
705,22/01/2013,martes,1,10,44,45,48,1,4
706,18/01/2013,viernes,4,26,27,30,39,3,10
707,15/01/2013,martes,22,38,40,42,47,1,11
708,11/01/2013,viernes,4,22,29,37,41,4,7
709,08/01/2013,martes,2,20,22,26,47,5,9
710,04/01/2013,viernes,4,10,22,27,41,8,10
711,01/01/2013,martes,2,7,8,36,49,1,11
712,28/12/2012,viernes,17,24,26,27,49,3,5
713,25/12/2012,martes,14,18,20,23,32,3,10
714,21/12/2012,viernes,3,5,22,40,42,3,10
715,18/12/2012,martes,14,18,20,35,44,2,5
716,14/12/2012,viernes,10,11,29,40,43,3,11
717,11/12/2012,martes,1,4,9,43,50,6,8
718,07/12/2012,viernes,10,16,18,31,42,2,5
719,04/12/2012,martes,5,10,28,29,44,2,4
720,30/11/2012,viernes,10,18,23,24,40,3,4
721,27/11/2012,martes,6,10,23,44,49,1,7
722,23/11/2012,viernes,1,9,11,20,40,1,5
723,20/11/2012,martes,28,30,42,45,49,5,10
724,16/11/2012,viernes,10,15,19,23,41,2,9
725,13/11/2012,martes,11,16,21,24,29,2,6
726,09/11/2012,viernes,14,21,22,28,47,4,5
727,06/11/2012,martes,7,20,25,35,41,1,9
728,02/11/2012,viernes,3,6,10,11,44,3,4
729,30/10/2012,martes,23,24,25,31,44,2,3
730,26/10/2012,viernes,5,6,9,27,38,5,11
731,23/10/2012,martes,1,28,35,38,50,2,10
732,19/10/2012,viernes,16,29,37,40,44,8,10
733,16/10/2012,martes,10,32,40,41,49,2,8
734,12/10/2012,viernes,6,7,17,35,43,2,8
735,09/10/2012,martes,2,8,10,23,25,8,9
736,05/10/2012,viernes,9,16,18,19,21,2,3
737,02/10/2012,martes,4,16,21,36,42,7,8
738,28/09/2012,viernes,20,23,26,30,33,6,9
739,25/09/2012,martes,7,25,27,48,49,1,4
740,21/09/2012,viernes,4,19,34,41,43,7,11
741,18/09/2012,martes,6,7,38,39,44,7,9
742,14/09/2012,viernes,3,10,23,27,44,7,9
743,11/09/2012,martes,6,15,22,37,44,2,4
744,07/09/2012,viernes,13,15,30,35,42,4,6
745,04/09/2012,martes,11,17,18,39,44,5,10
746,31/08/2012,viernes,16,28,31,33,48,7,11
747,28/08/2012,martes,1,18,25,26,44,4,5
748,24/08/2012,viernes,5,6,12,19,37,3,7
749,21/08/2012,martes,4,5,17,38,48,3,4
750,17/08/2012,viernes,19,25,28,33,44,2,8
751,14/08/2012,martes,1,16,38,42,45,9,10
752,10/08/2012,viernes,11,17,21,48,50,9,10
753,07/08/2012,martes,20,27,34,46,50,2,3
754,03/08/2012,viernes,24,34,35,42,46,1,5
755,31/07/2012,martes,4,29,35,36,39,8,9
756,27/07/2012,viernes,14,15,21,23,48,2,10
757,24/07/2012,martes,4,16,18,25,44,1,11
758,20/07/2012,viernes,10,19,23,45,49,9,10
759,17/07/2012,martes,2,7,24,43,46,8,10
760,13/07/2012,viernes,8,18,25,35,46,4,9
761,10/07/2012,martes,1,3,16,24,37,1,8
762,06/07/2012,viernes,31,32,38,40,42,1,3
763,03/07/2012,martes,2,7,22,27,40,3,6
764,29/06/2012,viernes,14,17,28,29,39,1,11
765,26/06/2012,martes,1,11,20,22,35,8,10
766,22/06/2012,viernes,14,18,19,43,49,3,7
767,19/06/2012,martes,7,17,20,35,50,5,11
768,15/06/2012,viernes,10,22,27,38,48,3,7
769,12/06/2012,martes,8,15,26,30,48,9,10
770,08/06/2012,viernes,5,11,22,34,40,9,11
771,05/06/2012,martes,13,34,37,47,49,8,9
772,01/06/2012,viernes,2,4,14,26,36,9,10
773,29/05/2012,martes,8,15,17,25,28,3,11
774,25/05/2012,viernes,12,22,35,46,49,2,8
775,22/05/2012,martes,16,31,32,37,41,1,7
776,18/05/2012,viernes,13,29,43,47,50,9,11
777,15/05/2012,martes,2,11,13,26,50,2,5
778,11/05/2012,viernes,1,13,17,38,44,2,11
779,08/05/2012,martes,3,21,34,38,48,5,8
780,04/05/2012,viernes,3,26,39,40,41,1,2
781,01/05/2012,martes,4,5,15,19,41,9,11
782,27/04/2012,viernes,20,27,30,36,43,1,6
783,24/04/2012,martes,8,9,24,43,48,3,5
784,20/04/2012,viernes,3,6,29,32,41,10,11
785,17/04/2012,martes,10,28,33,48,49,1,10
786,13/04/2012,viernes,8,13,26,39,43,3,5
787,10/04/2012,martes,22,25,27,36,37,5,9
788,06/04/2012,viernes,11,20,30,35,45,2,3
789,03/04/2012,martes,1,8,18,25,30,9,10
790,30/03/2012,viernes,4,17,23,36,46,6,10
791,27/03/2012,martes,24,27,29,34,36,7,8
792,23/03/2012,viernes,9,15,23,31,50,8,11
793,20/03/2012,martes,15,16,28,30,46,3,4
794,16/03/2012,viernes,3,4,12,23,50,4,7
795,13/03/2012,martes,1,10,25,43,47,8,9
796,09/03/2012,viernes,3,32,36,39,47,6,9
797,06/03/2012,martes,23,24,27,37,47,2,6
798,02/03/2012,viernes,5,6,11,30,44,2,6
799,28/02/2012,martes,1,10,17,33,48,2,3
800,24/02/2012,viernes,3,7,12,26,34,8,10
801,21/02/2012,martes,11,14,24,25,29,7,11
802,17/02/2012,viernes,4,11,28,38,47,10,11
803,14/02/2012,martes,14,27,36,42,46,8,11
804,10/02/2012,viernes,3,8,14,31,41,7,11
805,07/02/2012,martes,3,15,17,28,33,2,4
806,03/02/2012,viernes,16,19,20,25,28,1,10
807,31/01/2012,martes,9,34,38,43,45,2,4
808,27/01/2012,viernes,10,13,19,39,44,2,6
809,24/01/2012,martes,1,2,6,20,36,8,11
810,20/01/2012,viernes,2,10,22,27,28,6,8
811,17/01/2012,martes,12,22,30,31,44,5,6
812,13/01/2012,viernes,13,14,21,27,39,6,8
813,10/01/2012,martes,4,9,10,30,40,2,9
814,06/01/2012,viernes,1,6,10,12,31,2,7
815,03/01/2012,martes,3,30,42,45,49,5,10
816,30/12/2011,viernes,16,36,43,44,50,7,8
817,27/12/2011,martes,19,21,25,26,44,3,7
818,23/12/2011,viernes,7,21,22,24,28,1,11
819,20/12/2011,martes,1,9,12,14,48,1,7
820,16/12/2011,viernes,2,5,10,23,31,2,5
821,13/12/2011,martes,7,12,18,33,37,1,11
822,09/12/2011,viernes,12,21,29,44,47,1,2
823,06/12/2011,martes,19,20,21,34,38,3,9
824,02/12/2011,viernes,7,27,30,40,43,8,9
825,29/11/2011,martes,11,25,41,45,50,2,7
826,25/11/2011,viernes,14,19,26,28,34,5,8
827,22/11/2011,martes,16,18,24,38,40,2,4
828,18/11/2011,viernes,4,12,24,39,44,2,4
829,15/11/2011,martes,6,17,22,45,47,3,11
830,11/11/2011,viernes,1,4,18,23,30,3,7
831,08/11/2011,martes,1,4,15,29,40,1,5
832,04/11/2011,viernes,11,14,41,43,50,2,9
833,01/11/2011,martes,14,20,23,45,46,1,11
834,28/10/2011,viernes,16,17,20,39,50,4,8
835,25/10/2011,martes,12,22,27,28,39,4,10
836,21/10/2011,viernes,2,19,33,37,46,5,8
837,18/10/2011,martes,18,23,37,46,48,2,10
838,14/10/2011,viernes,12,23,29,32,47,3,5
839,11/10/2011,martes,1,4,12,16,48,9,10
840,07/10/2011,viernes,18,26,34,38,42,5,8
841,04/10/2011,martes,14,16,23,38,45,8,11
842,30/09/2011,viernes,5,15,28,31,44,1,6
843,27/09/2011,martes,18,27,28,35,40,3,5
844,23/09/2011,viernes,6,14,33,34,48,2,6
845,20/09/2011,martes,9,19,25,36,38,7,11
846,16/09/2011,viernes,2,8,17,39,42,3,10
847,13/09/2011,martes,9,28,30,32,49,9,10
848,09/09/2011,viernes,5,21,28,31,34,1,2
849,06/09/2011,martes,35,42,47,48,50,8,9
850,02/09/2011,viernes,12,26,37,38,44,4,7
851,30/08/2011,martes,2,8,10,19,46,5,9
852,26/08/2011,viernes,12,22,25,33,45,5,7
853,23/08/2011,martes,4,6,14,42,50,2,4
854,19/08/2011,viernes,6,14,16,28,31,2,11
855,16/08/2011,martes,1,13,17,18,45,3,8
856,12/08/2011,viernes,7,10,20,27,37,4,7
857,09/08/2011,martes,7,23,24,34,36,8,11
858,05/08/2011,viernes,13,14,18,32,34,1,10
859,02/08/2011,martes,5,8,14,24,33,3,8
860,29/07/2011,viernes,12,19,27,37,38,5,10
861,26/07/2011,martes,1,5,22,25,48,3,11
862,22/07/2011,viernes,4,15,23,49,50,2,6
863,19/07/2011,martes,3,16,25,26,35,5,9
864,15/07/2011,viernes,6,26,33,34,39,3,4
865,12/07/2011,martes,17,19,38,42,45,9,10
866,08/07/2011,viernes,12,13,23,40,49,7,10
867,05/07/2011,martes,11,28,29,47,49,1,5
868,01/07/2011,viernes,8,11,23,31,46,8,9
869,28/06/2011,martes,15,16,30,44,50,2,3
870,24/06/2011,viernes,5,16,20,30,41,6,11
871,21/06/2011,martes,17,20,35,49,50,3,4
872,17/06/2011,viernes,11,16,21,22,44,3,8
873,14/06/2011,martes,5,12,19,41,48,8,10
874,10/06/2011,viernes,3,19,20,37,48,8,11
875,07/06/2011,martes,6,25,36,38,40,4,10
876,03/06/2011,viernes,4,39,40,49,50,2,5
877,31/05/2011,martes,1,9,10,22,50,5,11
878,27/05/2011,viernes,9,17,25,28,49,8,9
879,24/05/2011,martes,16,23,24,26,29,2,9
880,20/05/2011,viernes,10,14,20,25,42,8,11
881,17/05/2011,martes,20,21,37,45,46,2,3
882,13/05/2011,viernes,9,11,17,36,47,1,2
883,10/05/2011,martes,3,10,15,28,45,5,7
884,06/05/2011,viernes,11,16,20,22,28,4,9
885,29/04/2011,viernes,15,25,38,40,41,1,2
886,22/04/2011,viernes,11,22,36,45,48,1,4
887,15/04/2011,viernes,4,6,21,39,41,2,6
888,08/04/2011,viernes,21,23,38,47,50,2,6
889,01/04/2011,viernes,4,17,21,22,33,4,8
890,25/03/2011,viernes,6,12,21,27,33,3,7
891,18/03/2011,viernes,1,13,20,26,50,6,7
892,11/03/2011,viernes,17,19,24,37,46,2,7
893,04/03/2011,viernes,11,25,27,28,41,5,8
894,25/02/2011,viernes,12,13,42,45,48,3,9
895,18/02/2011,viernes,2,3,15,45,49,5,9
896,11/02/2011,viernes,12,14,15,19,23,7,8
897,04/02/2011,viernes,2,11,24,35,47,5,9
898,28/01/2011,viernes,13,23,24,41,42,1,5
899,21/01/2011,viernes,3,11,13,18,21,4,5
900,14/01/2011,viernes,2,14,24,39,44,6,7
901,07/01/2011,viernes,1,22,32,48,50,6,7
902,31/12/2010,viernes,2,24,34,38,43,1,7
903,24/12/2010,viernes,19,36,38,42,46,2,8
904,17/12/2010,viernes,3,20,29,35,42,3,8
905,10/12/2010,viernes,2,3,10,33,46,7,8
906,03/12/2010,viernes,8,19,28,32,46,4,7
907,26/11/2010,viernes,9,28,36,41,49,5,7
908,19/11/2010,viernes,12,15,32,36,45,7,9
909,12/11/2010,viernes,7,19,23,29,47,1,6
910,05/11/2010,viernes,21,23,33,40,50,4,5
911,29/10/2010,viernes,16,20,22,32,42,8,9
912,22/10/2010,viernes,4,5,9,11,39,3,5
913,15/10/2010,viernes,2,31,36,38,43,3,7
914,08/10/2010,viernes,9,30,35,39,46,6,8
915,01/10/2010,viernes,1,4,6,27,48,1,6
916,24/09/2010,viernes,1,4,16,40,48,1,9
917,17/09/2010,viernes,17,27,29,38,50,1,3
918,10/09/2010,viernes,17,21,35,41,45,1,5
919,03/09/2010,viernes,13,24,26,47,49,4,8
920,27/08/2010,viernes,1,6,13,30,49,1,9
921,20/08/2010,viernes,5,27,31,40,42,1,6
922,13/08/2010,viernes,4,9,15,21,47,2,7
923,06/08/2010,viernes,13,25,28,29,42,4,5
924,30/07/2010,viernes,3,4,11,28,39,2,8
925,23/07/2010,viernes,4,13,35,37,46,3,9
926,16/07/2010,viernes,38,39,45,46,49,7,8
927,09/07/2010,viernes,9,24,37,39,49,3,9
928,02/07/2010,viernes,12,13,36,41,46,1,8
929,25/06/2010,viernes,1,8,18,28,31,8,9
930,18/06/2010,viernes,2,29,31,32,38,1,4
931,11/06/2010,viernes,2,22,24,36,44,1,2
932,04/06/2010,viernes,4,17,34,40,42,4,9
933,28/05/2010,viernes,4,9,31,32,33,3,7
934,21/05/2010,viernes,7,19,30,38,50,4,7
935,14/05/2010,viernes,1,17,31,43,47,2,3
936,07/05/2010,viernes,3,6,15,21,32,7,9
937,30/04/2010,viernes,6,22,24,25,36,3,8
938,23/04/2010,viernes,3,7,8,43,46,6,8
939,16/04/2010,viernes,9,11,17,26,40,3,9
940,09/04/2010,viernes,7,21,23,24,44,3,4
941,02/04/2010,viernes,12,18,24,26,45,4,5
942,26/03/2010,viernes,8,16,18,37,43,2,6
943,19/03/2010,viernes,10,28,30,38,39,2,7
944,12/03/2010,viernes,1,26,33,36,46,6,7
945,05/03/2010,viernes,12,18,19,43,49,3,9
946,26/02/2010,viernes,7,11,18,29,42,6,7
947,19/02/2010,viernes,12,31,37,38,43,2,3
948,12/02/2010,viernes,1,5,18,38,45,4,6
949,05/02/2010,viernes,34,35,38,39,46,3,4
950,29/01/2010,viernes,9,17,30,39,43,5,7
951,22/01/2010,viernes,4,22,27,36,44,7,9
952,15/01/2010,viernes,11,26,29,49,50,4,7
953,08/01/2010,viernes,4,5,14,44,46,8,9
954,01/01/2010,viernes,9,22,24,27,36,5,7
955,25/12/2009,viernes,4,5,14,17,34,3,5
956,18/12/2009,viernes,14,30,32,35,49,3,8
957,11/12/2009,viernes,20,41,43,44,46,2,9
958,04/12/2009,viernes,18,19,25,30,44,1,3
959,27/11/2009,viernes,5,8,13,15,33,8,9
960,20/11/2009,viernes,5,9,28,43,47,2,9
961,13/11/2009,viernes,13,15,25,26,32,3,4
962,06/11/2009,viernes,11,19,34,43,45,5,9
963,30/10/2009,viernes,9,33,35,38,40,2,6
964,23/10/2009,viernes,6,18,20,29,31,2,8
965,16/10/2009,viernes,12,23,30,31,47,3,4
966,09/10/2009,viernes,7,11,29,46,50,4,7
967,02/10/2009,viernes,22,23,24,29,44,1,5
968,25/09/2009,viernes,6,17,18,21,34,3,9
969,18/09/2009,viernes,6,16,30,38,41,2,4
970,11/09/2009,viernes,12,15,35,42,43,4,6
971,04/09/2009,viernes,6,9,20,38,39,3,9
972,28/08/2009,viernes,8,36,37,41,49,5,7
973,21/08/2009,viernes,4,7,16,31,42,3,5
974,14/08/2009,viernes,5,8,24,30,49,3,9
975,07/08/2009,viernes,10,20,22,24,31,2,7
976,31/07/2009,viernes,5,9,20,21,26,3,6
977,24/07/2009,viernes,14,15,25,35,47,5,9
978,17/07/2009,viernes,2,8,17,32,50,3,7
979,10/07/2009,viernes,6,16,20,42,46,1,6
980,03/07/2009,viernes,21,29,34,46,47,6,8
981,26/06/2009,viernes,6,11,21,30,39,2,8
982,19/06/2009,viernes,4,16,17,20,29,5,7
983,12/06/2009,viernes,6,14,16,34,50,4,6
984,05/06/2009,viernes,11,19,26,35,40,2,5
985,29/05/2009,viernes,2,5,30,37,47,3,6
986,22/05/2009,viernes,4,13,14,33,43,1,6
987,15/05/2009,viernes,8,18,19,20,42,5,9
988,08/05/2009,viernes,4,23,24,29,31,8,9
989,01/05/2009,viernes,5,19,31,38,47,3,5
990,24/04/2009,viernes,4,14,21,24,41,5,8
991,17/04/2009,viernes,4,7,21,44,47,1,5
992,10/04/2009,viernes,9,14,16,37,46,2,4
993,03/04/2009,viernes,2,20,24,32,46,1,9
994,27/03/2009,viernes,25,33,36,38,42,6,7
995,20/03/2009,viernes,12,16,23,31,35,4,6
996,13/03/2009,viernes,12,24,26,36,42,1,4
997,06/03/2009,viernes,13,17,19,25,35,5,6
998,27/02/2009,viernes,5,9,37,44,45,6,9
999,20/02/2009,viernes,9,12,13,14,48,1,2
1000,13/02/2009,viernes,22,33,36,40,42,1,2
1001,06/02/2009,viernes,10,20,30,36,40,3,5
1002,30/01/2009,viernes,4,29,34,35,46,5,8
1003,23/01/2009,viernes,32,33,36,40,49,2,8
1004,16/01/2009,viernes,3,17,22,49,50,3,6
1005,09/01/2009,viernes,7,15,22,28,48,1,4
1006,02/01/2009,viernes,29,30,36,37,48,1,6
1007,26/12/2008,viernes,1,2,26,44,50,1,7
1008,19/12/2008,viernes,28,29,40,46,50,5,7
1009,12/12/2008,viernes,2,19,28,42,49,2,7
1010,05/12/2008,viernes,4,8,21,35,45,5,8
1011,28/11/2008,viernes,8,11,16,25,41,2,4
1012,21/11/2008,viernes,9,14,21,49,50,3,8
1013,14/11/2008,viernes,8,10,14,21,26,3,4
1014,07/11/2008,viernes,1,9,12,17,18,3,4
1015,31/10/2008,viernes,3,18,25,34,41,2,5
1016,24/10/2008,viernes,7,15,16,17,45,6,9
1017,17/10/2008,viernes,3,10,12,42,50,1,5
1018,10/10/2008,viernes,4,15,22,31,41,1,6
1019,03/10/2008,viernes,4,13,19,23,38,2,3
1020,26/09/2008,viernes,14,29,31,33,37,1,2
1021,19/09/2008,viernes,14,16,19,20,31,6,9
1022,12/09/2008,viernes,19,23,33,37,50,3,7
1023,05/09/2008,viernes,7,12,16,17,39,3,8
1024,29/08/2008,viernes,2,20,25,37,39,5,8
1025,22/08/2008,viernes,7,27,29,39,50,5,7
1026,15/08/2008,viernes,11,17,18,26,31,5,6
1027,08/08/2008,viernes,4,5,15,16,45,4,7
1028,01/08/2008,viernes,1,22,25,40,50,1,8
1029,25/07/2008,viernes,7,11,15,24,29,2,7
1030,18/07/2008,viernes,10,14,16,29,44,5,6
1031,11/07/2008,viernes,9,11,13,19,37,3,4
1032,04/07/2008,viernes,7,19,22,27,48,5,7
1033,27/06/2008,viernes,5,20,26,44,50,5,7
1034,20/06/2008,viernes,8,11,36,37,45,3,5
1035,13/06/2008,viernes,13,16,37,44,50,1,9
1036,06/06/2008,viernes,7,19,21,40,50,2,9
1037,30/05/2008,viernes,5,7,14,20,49,2,8
1038,23/05/2008,viernes,5,9,19,21,38,1,7
1039,16/05/2008,viernes,6,9,15,25,38,4,9
1040,09/05/2008,viernes,8,9,40,42,45,6,7
1041,02/05/2008,viernes,2,26,37,45,48,4,8
1042,25/04/2008,viernes,4,19,26,27,30,3,8
1043,18/04/2008,viernes,3,6,7,27,50,5,9
1044,11/04/2008,viernes,6,25,30,45,50,5,7
1045,04/04/2008,viernes,11,13,18,37,47,1,6
1046,28/03/2008,viernes,5,9,17,29,39,3,6
1047,21/03/2008,viernes,2,10,18,22,36,4,6
1048,14/03/2008,viernes,13,21,25,35,48,4,8
1049,07/03/2008,viernes,2,7,14,17,35,1,6
1050,29/02/2008,viernes,12,37,40,47,49,2,9
1051,22/02/2008,viernes,4,27,32,46,50,8,9
1052,15/02/2008,viernes,12,27,29,45,46,4,7
1053,08/02/2008,viernes,17,28,30,38,44,1,4
1054,01/02/2008,viernes,22,30,45,47,49,4,9
1055,25/01/2008,viernes,2,6,9,19,45,7,8
1056,18/01/2008,viernes,14,16,23,40,46,4,8
1057,11/01/2008,viernes,8,24,36,49,50,4,8
1058,04/01/2008,viernes,10,12,24,25,41,3,5
1059,28/12/2007,viernes,20,21,22,31,45,7,9
1060,21/12/2007,viernes,7,9,28,37,44,6,7
1061,14/12/2007,viernes,8,25,30,36,44,3,4
1062,07/12/2007,viernes,2,4,32,43,48,1,7
1063,30/11/2007,viernes,12,19,20,30,38,7,9
1064,23/11/2007,viernes,2,10,22,29,48,3,9
1065,16/11/2007,viernes,9,18,23,33,37,1,8
1066,09/11/2007,viernes,5,14,22,25,36,5,6
1067,02/11/2007,viernes,3,16,18,19,40,1,2
1068,26/10/2007,viernes,7,20,38,40,43,1,8
1069,19/10/2007,viernes,7,18,34,35,40,7,8
1070,12/10/2007,viernes,21,32,36,46,47,3,4
1071,05/10/2007,viernes,11,20,27,35,44,2,5
1072,28/09/2007,viernes,22,30,34,35,44,4,5
1073,21/09/2007,viernes,1,17,32,35,37,1,8
1074,14/09/2007,viernes,5,9,11,29,33,7,9
1075,07/09/2007,viernes,2,3,33,34,42,3,5
1076,31/08/2007,viernes,6,18,22,23,37,5,6
1077,24/08/2007,viernes,1,3,16,42,48,2,3
1078,17/08/2007,viernes,2,3,13,38,42,7,8
1079,10/08/2007,viernes,23,40,42,43,49,2,6
1080,03/08/2007,viernes,10,30,33,37,41,1,8
1081,27/07/2007,viernes,1,4,21,29,41,7,8
1082,20/07/2007,viernes,10,21,25,26,50,4,9
1083,13/07/2007,viernes,9,13,15,31,48,3,6
1084,06/07/2007,viernes,4,5,19,39,41,8,9
1085,29/06/2007,viernes,8,12,28,33,45,1,3
1086,22/06/2007,viernes,11,16,17,22,34,5,6
1087,15/06/2007,viernes,5,7,14,21,40,3,8
1088,08/06/2007,viernes,1,15,17,25,45,2,8
1089,01/06/2007,viernes,6,22,37,41,42,6,9
1090,25/05/2007,viernes,25,26,29,49,50,8,7
1091,18/05/2007,viernes,26,34,37,39,49,2,6
1092,11/05/2007,viernes,7,12,26,29,49,2,6
1093,04/05/2007,viernes,6,17,35,41,45,1,5
1094,27/04/2007,viernes,7,18,27,36,44,1,2
1095,20/04/2007,viernes,23,26,32,41,45,3,7
1096,13/04/2007,viernes,7,20,25,38,41,3,7
1097,06/04/2007,viernes,15,23,29,41,48,3,6
1098,30/03/2007,viernes,9,17,19,41,46,1,8
1099,23/03/2007,viernes,5,13,17,40,43,1,3
1100,16/03/2007,viernes,4,14,31,45,49,4,9
1101,09/03/2007,viernes,2,3,25,43,48,6,9
1102,02/03/2007,viernes,3,16,34,38,48,5,8
1103,23/02/2007,viernes,2,15,18,20,22,2,5
1104,16/02/2007,viernes,8,19,20,39,50,6,9
1105,09/02/2007,viernes,14,16,30,36,46,2,8
1106,02/02/2007,viernes,14,23,27,30,36,1,6
1107,26/01/2007,viernes,11,15,23,30,38,4,9
1108,19/01/2007,viernes,5,13,27,33,42,2,4
1109,12/01/2007,viernes,8,11,14,19,25,3,5
1110,05/01/2007,viernes,17,19,29,36,45,5,6
1111,29/12/2006,viernes,6,9,13,14,35,3,4
1112,22/12/2006,viernes,9,11,20,38,43,2,3
1113,15/12/2006,viernes,9,23,35,37,42,3,7
1114,08/12/2006,viernes,16,17,18,36,47,1,2
1115,01/12/2006,viernes,4,8,16,37,41,2,5
1116,24/11/2006,viernes,5,8,17,25,40,1,5
1117,17/11/2006,viernes,12,22,32,33,36,2,6
1118,10/11/2006,viernes,14,21,27,30,36,2,3
1119,03/11/2006,viernes,11,13,24,44,49,3,9
1120,27/10/2006,viernes,3,4,8,44,50,7,8
1121,20/10/2006,viernes,10,19,34,45,47,3,6
1122,13/10/2006,viernes,2,25,32,38,41,3,5
1123,06/10/2006,viernes,5,11,22,35,38,7,8
1124,29/09/2006,viernes,1,3,6,18,24,5,8
1125,22/09/2006,viernes,10,29,30,45,49,3,8
1126,15/09/2006,viernes,6,10,16,26,49,7,9
1127,08/09/2006,viernes,1,10,12,32,33,1,8
1128,01/09/2006,viernes,3,7,25,45,50,6,9
1129,25/08/2006,viernes,10,28,40,47,48,6,8
1130,18/08/2006,viernes,12,37,39,40,50,1,2
1131,11/08/2006,viernes,27,28,31,46,47,5,2
1132,04/08/2006,viernes,1,14,15,26,32,3,7
1133,28/07/2006,viernes,3,8,12,29,43,6,7
1134,21/07/2006,viernes,2,4,9,38,50,6,8
1135,14/07/2006,viernes,1,7,17,31,36,2,8
1136,07/07/2006,viernes,7,9,18,35,43,5,7
1137,30/06/2006,viernes,6,15,16,40,43,1,2
1138,23/06/2006,viernes,9,21,30,43,44,1,9
1139,16/06/2006,viernes,1,16,26,30,36,3,9
1140,09/06/2006,viernes,3,12,15,34,39,4,6
1141,02/06/2006,viernes,7,8,27,41,48,1,6
1142,26/05/2006,viernes,2,12,21,41,49,3,7
1143,19/05/2006,viernes,3,5,25,34,49,8,5
1144,12/05/2006,viernes,5,20,23,34,50,1,5
1145,05/05/2006,viernes,4,8,14,16,50,3,9
1146,28/04/2006,viernes,5,10,17,22,33,5,7
1147,21/04/2006,viernes,1,20,22,37,46,1,9
1148,14/04/2006,viernes,16,26,34,35,49,2,6
1149,07/04/2006,viernes,12,13,29,44,50,4,5
1150,31/03/2006,viernes,3,20,31,45,50,6,7
1151,24/03/2006,viernes,17,28,33,35,47,4,9
1152,17/03/2006,viernes,5,32,44,45,50,1,7
1153,10/03/2006,viernes,1,21,33,45,49,4,8
1154,03/03/2006,viernes,3,5,8,10,44,3,5
1155,24/02/2006,viernes,1,11,18,19,47,3,7
1156,17/02/2006,viernes,4,23,24,26,38,2,4
1157,10/02/2006,viernes,5,6,38,48,50,6,7
1158,03/02/2006,viernes,9,21,30,39,50,1,3
1159,27/01/2006,viernes,9,15,21,40,49,1,4
1160,20/01/2006,viernes,12,15,33,44,50,2,6
1161,13/01/2006,viernes,8,12,19,33,34,1,6
1162,06/01/2006,viernes,2,6,9,14,26,4,5
1163,30/12/2005,viernes,8,16,19,43,45,1,4
1164,23/12/2005,viernes,15,31,36,37,42,1,7
1165,16/12/2005,viernes,2,3,15,18,32,6,7
1166,09/12/2005,viernes,11,18,35,38,42,1,5
1167,02/12/2005,viernes,1,9,20,23,30,4,7
1168,25/11/2005,viernes,1,6,27,39,47,1,6
1169,18/11/2005,viernes,17,18,25,34,48,2,3
1170,11/11/2005,viernes,15,16,36,41,42,3,5
1171,04/11/2005,viernes,26,36,37,38,42,2,6
1172,28/10/2005,viernes,14,36,44,47,50,3,5
1173,21/10/2005,viernes,1,14,19,29,33,1,8
1174,14/10/2005,viernes,10,11,19,20,23,1,6
1175,07/10/2005,viernes,2,13,21,26,44,3,9
1176,30/09/2005,viernes,6,11,47,48,50,1,6
1177,23/09/2005,viernes,1,26,31,34,47,4,9
1178,16/09/2005,viernes,12,13,19,21,38,3,9
1179,09/09/2005,viernes,8,12,19,31,50,6,7
1180,02/09/2005,viernes,3,4,14,43,50,3,6
1181,26/08/2005,viernes,9,29,35,40,41,1,6
1182,19/08/2005,viernes,11,24,29,31,41,1,3
1183,12/08/2005,viernes,15,23,30,37,40,7,9
1184,05/08/2005,viernes,2,11,21,22,30,4,6
1185,29/07/2005,viernes,3,19,26,49,50,4,5
1186,22/07/2005,viernes,3,14,41,48,49,1,4
1187,15/07/2005,viernes,1,11,12,23,42,3,6
1188,08/07/2005,viernes,35,36,42,46,49,2,8
1189,01/07/2005,viernes,4,5,23,25,28,3,4
1190,24/06/2005,viernes,6,8,14,15,45,7,8
1191,17/06/2005,viernes,4,8,10,18,21,1,7
1192,10/06/2005,viernes,6,7,32,37,47,1,7
1193,03/06/2005,viernes,3,8,11,17,50,1,5
1194,27/05/2005,viernes,2,24,31,48,50,4,9
1195,20/05/2005,viernes,6,7,13,28,47,5,8
1196,13/05/2005,viernes,12,17,31,32,40,2,9
1197,06/05/2005,viernes,7,12,21,26,44,6,8
1198,29/04/2005,viernes,3,9,35,39,42,1,8
1199,22/04/2005,viernes,3,10,13,24,47,5,9
1200,15/04/2005,viernes,6,28,31,38,42,3,9
1201,08/04/2005,viernes,7,11,25,31,50,1,3
1202,01/04/2005,viernes,25,26,41,44,47,3,7
1203,25/03/2005,viernes,4,29,33,37,38,6,9
1204,18/03/2005,viernes,6,23,39,43,48,5,7
1205,11/03/2005,viernes,8,12,23,40,43,1,4
1206,04/03/2005,viernes,12,24,32,37,39,7,9
1207,25/02/2005,viernes,3,27,30,43,44,4,8
1208,18/02/2005,viernes,20,21,26,32,46,8,9
1209,11/02/2005,viernes,11,13,25,32,50,4,7
1210,04/02/2005,viernes,1,8,11,30,40,7,8
1211,28/01/2005,viernes,7,21,26,43,45,5,7
1212,21/01/2005,viernes,10,12,14,24,26,5,8
1213,14/01/2005,viernes,6,11,14,19,29,1,3
1214,07/01/2005,viernes,3,23,27,47,50,2,3
1215,31/12/2004,viernes,7,8,24,25,47,8,9
1216,24/12/2004,viernes,3,4,27,29,37,5,6
1217,17/12/2004,viernes,15,19,22,46,49,2,9
1218,10/12/2004,viernes,1,3,13,16,43,2,7
1219,03/12/2004,viernes,1,11,15,42,49,3,4
1220,26/11/2004,viernes,1,4,24,34,36,6,8
1221,19/11/2004,viernes,1,18,29,34,37,2,6
1222,12/11/2004,viernes,4,11,12,13,32,3,9
1223,05/11/2004,viernes,6,19,25,42,49,1,7
1224,29/10/2004,viernes,1,8,32,35,38,4,9
1225,22/10/2004,viernes,1,9,23,25,40,3,9
1226,15/10/2004,viernes,14,21,22,37,43,5,8
1227,08/10/2004,viernes,1,10,12,16,48,2,6
1228,01/10/2004,viernes,12,20,21,45,48,5,6
1229,24/09/2004,viernes,21,26,27,44,48,1,7
1230,17/09/2004,viernes,15,18,29,39,41,5,8
1231,10/09/2004,viernes,5,25,33,36,38,2,5
1232,03/09/2004,viernes,8,12,14,15,34,6,7
1233,27/08/2004,viernes,1,11,22,28,44,1,9
1234,20/08/2004,viernes,6,9,10,27,35,6,8
1235,13/08/2004,viernes,20,27,41,43,50,5,8
1236,06/08/2004,viernes,5,15,24,35,44,5,6
1237,30/07/2004,viernes,9,10,19,37,50,1,6
1238,23/07/2004,viernes,7,10,27,31,34,8,3
1239,16/07/2004,viernes,24,26,31,38,50,5,8
1240,09/07/2004,viernes,2,5,12,19,44,8,9
1241,02/07/2004,viernes,4,23,24,28,34,1,3
1242,25/06/2004,viernes,3,21,30,34,35,1,2
1243,18/06/2004,viernes,2,23,28,40,43,2,6
1244,11/06/2004,viernes,2,7,8,10,47,1,7
1245,04/06/2004,viernes,9,13,34,41,42,3,7
1246,28/05/2004,viernes,6,11,35,41,44,5,6
1247,21/05/2004,viernes,15,29,37,39,49,4,9
1248,14/05/2004,viernes,1,3,21,32,39,2,6
